Stock,Signals today,Rank,Exp/DAY%,RS%,Trades,Win%,Target #,Target %,Trail #,Trail %,Stop #,Stop %,Time #,Time %,Time-win,Time-loss,Expectancy%,Avg win%,Avg loss%,Avg days,BT from,BT to,Years,Remark,Loss %,Reward Risk,Profit Factor,Trades / Year,Annual Expectancy,Winning Exit %,Losing Exit %,Target Efficiency,Trail Efficiency,Stop Efficiency,Time Efficiency,Holding Efficiency,Profit Velocity,Signal Density,Trade Frequency,Exit Quality,Trading Style,Confidence Score,Risk Score,Opportunity Score,Consistency Score,Composite Score,Overall Rating,Recommendation,Institution Rank,Quality Flag,Exit Dominance,Risk Category
ADANIENT,True,10.34,0.165,42.3,708,43.5,180,25.4,137,19.4,391,55.2,0,0.0,0,0,1.54,9.49,-4.58,9.3,2015-09-18,2026-07-13,10.8,,56.5,,,65.56,100.96,44.8,55.2,25.42,19.35,55.23,0.0,0.166,116.82,0.001,0.26,Negative,Position,100.0,53.54,,,,Poor,REJECT,1,High Stop Rate,Stop,High Risk
PERSISTENT,False,3.32,0.115,-11.34,542,48.9,132,24.4,139,25.6,271,50.0,0,0.0,0,0,1.08,6.55,-4.15,9.4,2015-09-18,2026-07-13,10.8,,51.1,,,50.19,54.21,50.0,50.0,24.35,25.65,50.0,0.0,0.115,62.33,0.0,0.199,Negative,Position,81.77,60.94,,,,Poor,REJECT,2,PASS,Stop,Medium Risk
HFCL,True,14.28,0.231,137.62,494,43.7,154,31.2,64,13.0,275,55.7,1,0.2,0,1,1.27,10.35,-5.77,5.5,2015-09-18,2026-07-13,10.8,,56.3,,,45.74,58.09,44.2,56.7,31.17,12.96,55.67,0.2,0.231,114.11,0.002,0.182,Negative,Swing,78.87,85.22,,,,Poor,REJECT,3,High Stop Rate,Stop,Low Risk
CUMMINSIND,True,5.04,0.106,5.08,482,43.2,85,17.6,131,27.2,266,55.2,0,0.0,0,0,1.0,6.43,-3.12,9.4,2015-09-18,2026-07-13,10.8,,56.8,,,44.63,44.63,44.8,55.2,17.63,27.18,55.19,0.0,0.106,51.09,0.002,0.177,Negative,Position,75.82,35.97,,,,Poor,REJECT,4,High Stop Rate,Stop,Very High Risk
DIXON,False,10.04,0.147,15.94,508,48.2,122,24.0,130,25.6,256,50.4,0,0.0,0,0,1.28,7.04,-4.1,8.7,2017-09-18,2026-07-13,8.8,limited history: 8.8y (<10y) - lower confidence,51.8,,,57.73,73.89,49.6,50.4,24.02,25.59,50.39,0.0,0.147,74.68,0.0,0.229,Negative,Position,70.52,62.86,,,,Poor,REJECT,5,High Stop Rate,Stop,Medium Risk
BEL,False,0.0,-0.138,-14.17,584,33.2,36,6.2,167,28.6,381,65.2,0,0.0,0,0,-1.13,3.68,-3.53,8.2,2015-09-18,2026-07-13,10.8,,66.8,,,54.07,-61.1,34.8,65.2,6.16,28.6,65.24,0.0,-0.138,-80.59,0.0,0.215,Negative,Position,69.28,21.92,,,,Poor,REJECT,6,"Low Edge, High Stop Rate",Stop,Very High Risk
BALRAMCHIN,True,0.0,-0.07,13.28,535,40.4,87,16.3,145,27.1,301,56.3,2,0.4,0,2,-0.54,5.11,-4.37,7.7,2015-09-18,2026-07-10,10.8,,59.6,,,49.54,-26.75,43.4,58.3,16.26,27.1,56.26,0.37,-0.07,-37.45,0.002,0.197,Negative,Position,69.23,56.36,,,,Poor,REJECT,7,"Low Edge, High Stop Rate",Stop,High Risk
MOTHERSON,False,0.0,-0.013,10.66,476,42.2,58,12.2,147,30.9,271,56.9,0,0.0,0,0,-0.11,4.88,-3.76,8.7,2015-09-18,2026-07-13,10.8,,57.8,,,44.07,-4.85,43.1,56.9,12.18,30.88,56.93,0.0,-0.013,-6.19,0.0,0.175,Negative,Position,67.12,42.73,,,,Poor,REJECT,8,"Low Edge, High Stop Rate",Stop,High Risk
KEC,False,0.0,-0.034,-16.42,489,38.0,89,18.2,102,20.9,298,60.9,0,0.0,0,0,-0.27,6.52,-4.44,8.0,2015-09-18,2026-07-10,10.8,,62.0,,,45.28,-12.23,39.1,60.9,18.2,20.86,60.94,0.0,-0.034,-16.63,0.0,0.18,Negative,Position,67.1,44.25,,,,Poor,REJECT,9,"Low Edge, High Stop Rate",Stop,High Risk
INDIGO,False,0.0,-0.126,12.18,487,33.1,53,10.9,112,23.0,322,66.1,0,0.0,0,0,-0.98,4.68,-3.77,7.7,2015-11-10,2026-07-13,10.7,,66.9,,,45.51,-44.6,33.9,66.1,10.88,23.0,66.12,0.0,-0.127,-61.36,0.0,0.181,Negative,Position,61.22,24.99,,,,Poor,REJECT,10,"Low Edge, High Stop Rate",Stop,Very High Risk
TATAPOWER,False,0.88,0.052,-15.82,362,36.7,69,19.1,70,19.3,223,61.6,0,0.0,0,0,0.35,8.09,-4.15,6.6,2015-09-18,2026-07-13,10.8,,63.3,,,33.52,11.73,38.4,61.6,19.06,19.34,61.6,0.0,0.053,18.82,0.0,0.133,Negative,Swing,60.3,46.12,,,,Poor,REJECT,11,"Low Edge, High Stop Rate",Stop,High Risk
CDSL,False,0.68,0.018,1.87,471,37.8,92,19.5,94,20.0,285,60.5,0,0.0,0,0,0.13,7.16,-4.13,7.3,2017-06-30,2026-07-13,9.0,limited history: 9.0y (<10y) - lower confidence,62.2,,,52.33,6.8,39.5,60.5,19.53,19.96,60.51,0.0,0.018,8.48,0.0,0.208,Negative,Position,59.72,45.11,,,,Poor,REJECT,12,"Low Edge, High Stop Rate",Stop,High Risk
CEATLTD,False,0.0,-0.089,0.74,424,34.4,65,15.3,85,20.0,274,64.6,0,0.0,0,0,-0.73,5.9,-4.22,8.2,2015-09-18,2026-07-13,10.8,,65.6,,,39.26,-28.66,35.3,64.6,15.33,20.05,64.62,0.0,-0.089,-37.74,0.0,0.156,Negative,Position,57.9,31.48,,,,Poor,REJECT,13,"Low Edge, High Stop Rate",Stop,Very High Risk
YESBANK,False,4.77,0.087,16.89,287,40.4,56,19.5,64,22.3,167,58.2,0,0.0,0,0,0.75,8.46,-4.47,8.7,2015-09-18,2026-07-13,10.8,,59.6,,,26.57,19.93,41.8,58.2,19.51,22.3,58.19,0.0,0.086,24.97,0.0,0.105,Negative,Position,56.54,47.81,,,,Poor,REJECT,14,"Low Edge, High Stop Rate",Stop,High Risk
INFY,False,0.02,0.001,-19.64,328,42.1,21,6.4,122,37.2,185,56.4,0,0.0,0,0,0.01,3.48,-2.52,9.3,2015-09-18,2026-07-13,10.8,,57.9,,,30.37,0.3,43.6,56.4,6.4,37.2,56.4,0.0,0.001,0.33,0.0,0.121,Negative,Position,54.76,26.47,,,,Poor,REJECT,15,"Low Edge, High Stop Rate",Stop,Very High Risk
LICHSGFIN,False,0.0,-0.057,-0.41,326,31.9,42,12.9,70,21.5,214,65.6,0,0.0,0,0,-0.39,5.27,-3.04,6.9,2015-09-18,2026-07-10,10.8,,68.1,,,30.19,-11.77,34.4,65.6,12.88,21.47,65.64,0.0,-0.057,-18.58,0.0,0.12,Negative,Swing,51.64,21.7,,,,Poor,REJECT,16,"Low Edge, High Stop Rate",Stop,Very High Risk
RELIANCE,False,0.0,-0.017,-9.01,290,33.1,16,5.5,86,29.7,188,64.8,0,0.0,0,0,-0.15,4.93,-2.66,8.6,2015-09-18,2026-07-13,10.8,,66.9,,,26.85,-4.03,35.2,64.8,5.52,29.66,64.83,0.0,-0.017,-4.93,0.0,0.107,Negative,Position,50.18,10.74,,,,Poor,REJECT,17,"Low Edge, High Stop Rate",Stop,Very High Risk
MARUTI,False,0.0,-0.05,0.01,288,38.2,5,1.7,109,37.8,174,60.4,0,0.0,0,0,-0.39,3.28,-2.66,7.9,2015-09-18,2026-07-10,10.8,,61.8,,,26.67,-10.4,39.5,60.4,1.74,37.85,60.42,0.0,-0.049,-14.4,0.0,0.106,Negative,Position,48.24,25.17,,,,Poor,REJECT,18,"Low Edge, High Stop Rate",Stop,Very High Risk
ITC,False,0.0,-0.009,-10.84,258,39.9,14,5.4,95,36.8,149,57.8,0,0.0,0,0,-0.08,3.87,-2.71,9.1,2015-09-18,2026-07-13,10.8,,60.1,,,23.89,-1.91,42.2,57.8,5.43,36.82,57.75,0.0,-0.009,-2.32,0.0,0.095,Negative,Position,47.84,26.21,,,,Poor,REJECT,19,"Low Edge, High Stop Rate",Stop,Very High Risk
IDEA,True,0.0,-0.219,41.94,320,37.2,78,24.4,45,14.1,196,61.2,1,0.3,0,1,-1.18,6.59,-5.78,5.4,2015-09-18,2026-07-13,10.8,,62.8,,,29.63,-34.96,38.5,62.2,24.38,14.06,61.25,0.31,-0.219,-70.08,0.003,0.118,Negative,Swing,45.3,72.17,,,,Poor,REJECT,20,"Low Edge, High Stop Rate",Stop,Medium Risk
TCS,False,0.0,-0.022,-19.4,190,38.4,10,5.3,67,35.3,113,59.5,0,0.0,0,0,-0.19,3.73,-2.63,8.4,2015-09-18,2026-07-13,10.8,,61.6,,,17.59,-3.34,40.6,59.5,5.26,35.26,59.47,0.0,-0.023,-4.18,0.0,0.07,Negative,Position,40.94,24.55,,,,Poor,REJECT,21,"Low Edge, High Stop Rate",Stop,Very High Risk
HINDUNILVR,False,0.0,-0.096,-6.19,234,33.3,4,1.7,77,32.9,153,65.4,0,0.0,0,0,-0.77,2.43,-2.36,8.0,2015-09-18,2026-07-13,10.8,,66.7,,,21.67,-16.69,34.6,65.4,1.71,32.91,65.38,0.0,-0.096,-22.46,0.0,0.086,Negative,Position,40.62,8.74,,,,Poor,REJECT,22,"Low Edge, High Stop Rate",Stop,Very High Risk
HDFCBANK,False,0.0,-0.046,-3.28,149,37.6,5,3.4,52,34.9,92,61.7,0,0.0,0,0,-0.39,3.04,-2.46,8.6,2015-09-18,2026-07-13,10.8,,62.4,,,13.8,-5.38,38.3,61.7,3.36,34.9,61.74,0.0,-0.045,-6.85,0.0,0.055,Negative,Position,35.81,16.1,,,,Poor,REJECT,23,"Low Edge, High Stop Rate",Stop,Very High Risk
PAYTM,True,0.0,-0.118,15.67,210,36.7,30,14.3,50,23.8,130,61.9,0,0.0,0,0,-0.87,4.79,-4.14,7.4,2021-11-18,2026-07-13,4.6,limited history: 4.6y (<10y) - lower confidence,63.3,,,45.65,-39.72,38.1,61.9,14.29,23.81,61.9,0.0,-0.118,-24.78,0.005,0.181,Negative,Position,7.74,41.26,,,,Poor,REJECT,24,"Low Edge, High Stop Rate",Stop,High Risk
